COSMIC_ID,Name,Tissue,Tissue_subType
924100,22RV1,urogenital_system,prostate
910924,23132-87,digestive_system,stomach
687452,5637,urogenital_system,Bladder
906798,639-V,urogenital_system,Bladder
906797,647-V,urogenital_system,Bladder
906800,697,blood,lymphoblastic_leukemia
910922,769-P,kidney,kidney
905947,786-0,kidney,kidney
687562,8-MG-BA,nervous_system,glioma
906795,8305C,thyroid,thyroid
924102,8505C,thyroid,thyroid
910921,A101D,skin,melanoma
687563,A172,nervous_system,glioma
910784,A204,soft_tissue,rhabdomyosarcoma
906792,A2058,skin,melanoma
906794,A253,aero_digestive_tract,head_and_neck
906804,A2780,urogenital_system,ovary
910935,A3-KAW,blood,B_cell_lymphoma
906793,A375,skin,melanoma
910697,A388,skin,skin_other
910934,A4-Fuk,blood,B_cell_lymphoma
910851,A427,lung,lung_NSCLC_not_specified
910925,A431,skin,skin_other
905948,A498,kidney,kidney
905949,A549,lung,lung_NSCLC_adenocarcinoma
684052,A673,soft_tissue,rhabdomyosarcoma
910920,A704,kidney,kidney
906791,ABC-1,lung,lung_NSCLC_adenocarcinoma
905950,ACHN,kidney,kidney
906803,ACN,nervous_system,neuroblastoma
906790,AGS,digestive_system,stomach
910944,ALL-PO,blood,lymphoblastic_leukemia
910933,AM-38,nervous_system,glioma
910781,AN3-CA,urogenital_system,endometrium
906765,ARH-77,blood,Myeloma
910687,ATN-1,blood,lymphoblastic_T_cell_leukaemia
910704,AU565,breast,breast
910702,AsPC-1,pancreas,pancreas
910705,BALL-1,blood,B_cell_leukemia
753531,BB30-HNC,aero_digestive_tract,head_and_neck
753532,BB49-HNC,aero_digestive_tract,head_and_neck
753533,BB65-RCC,kidney,kidney
910919,BC-1,blood,B_cell_lymphoma
910918,BC-3,blood,B_cell_lymphoma
924104,BCPAP,thyroid,thyroid
906763,BE-13,blood,lymphoblastic_leukemia
753534,BEN,lung,lung_NSCLC_not_specified
910926,BFTC-905,urogenital_system,Bladder
910698,BFTC-909,kidney,kidney
906696,BHT-101,thyroid,thyroid
753535,BHY,aero_digestive_tract,head_and_neck
910706,BL-41,blood,Burkitt_lymphoma
910707,BL-70,blood,Burkitt_lymphoma
753536,BOKU,urogenital_system,cervix
924105,BPH-1,urogenital_system,prostate
906801,BT-20,breast,breast
946359,BT-474,breast,breast
905951,BT-549,breast,breast
910710,BV-173,blood,chronic_myeloid_leukaemia
906746,Becker,nervous_system,glioma
906693,BxPC-3,pancreas,pancreas
687505,C-33-A,urogenital_system,cervix
910700,C2BBe1,digestive_system,large_intestine
906830,C32,skin,melanoma
910850,C3A,digestive_system,liver
910703,CA46,blood,Burkitt_lymphoma
905963,CAKI-1,kidney,kidney
906826,CAL-120,breast,breast
753540,CAL-12T,lung,lung_NSCLC_not_specified
924106,CAL-148,breast,breast
910916,CAL-27,aero_digestive_tract,head_and_neck
753541,CAL-33,aero_digestive_tract,head_and_neck
924107,CAL-39,urogenital_system,cervix
910927,CAL-51,breast,breast
910952,CAL-54,kidney,kidney
906828,CAL-62,thyroid,thyroid
906827,CAL-72,bone,osteosarcoma
910852,CAL-85-1,breast,breast
946382,CAMA-1,breast,breast
753624,CAPAN-1,pancreas,pancreas
910943,CAS-1,nervous_system,glioma
906823,CCF-STTG1,nervous_system,glioma
905952,CCRF-CEM,blood,lymphoblastic_leukemia
910688,CESS,blood,acute_myeloid_leukaemia
906821,CFPAC-1,pancreas,pancreas
910568,CGTH-W-1,thyroid,thyroid
910853,CHL-1,skin,melanoma
910567,CHP-126,nervous_system,neuroblastoma
910941,CHP-134,nervous_system,neuroblastoma
906820,CHP-212,nervous_system,neuroblastoma
910566,CMK,blood,acute_myeloid_leukaemia
905961,COLO-205,digestive_system,large_intestine
910569,COLO-320-HSR,digestive_system,large_intestine
910692,COLO-668,lung,lung_small_cell_carcinoma
910689,COLO-678,digestive_system,large_intestine
906818,COLO-679,skin,melanoma
906817,COLO-680N,aero_digestive_tract,oesophagus
910691,COLO-684,urogenital_system,endometrium
906815,COLO-741,digestive_system,large_intestine
906814,COLO-792,skin,melanoma
906813,COLO-800,skin,melanoma
906812,COLO-824,breast,breast
687448,COLO-829,skin,melanoma
906805,COR-L105,lung,lung_NSCLC_adenocarcinoma
687780,COR-L23,lung,lung_NSCLC_large_cell
910937,COR-L279,lung,lung_small_cell_carcinoma
906808,COR-L88,lung,lung_small_cell_carcinoma
753545,CP50-MEL-B,skin,melanoma
753546,CP66-MEL,skin,melanoma
949092,CP67-MEL,skin,melanoma
753547,CPC-N,lung,lung_small_cell_carcinoma
906807,CRO-AP2,blood,B_cell_lymphoma
949088,CTB-1,blood,B_cell_lymphoma
753548,CTV-1,blood,acute_myeloid_leukaemia
910554,CW-2,digestive_system,large_intestine
906824,Ca-Ski,urogenital_system,cervix
753538,Ca9-22,aero_digestive_tract,head_and_neck
924108,CaR-1,digestive_system,large_intestine
724858,Calu-1,lung,lung_NSCLC_adenocarcinoma
687777,Calu-3,lung,lung_NSCLC_adenocarcinoma
724859,Calu-6,lung,lung_NSCLC_adenocarcinoma
906825,Caov-3,urogenital_system,ovary
949090,Caov-4,urogenital_system,ovary
910915,Capan-2,pancreas,pancreas
687596,ChaGo-K-1,lung,lung_NSCLC_not_specified
946367,D-247MG,nervous_system,glioma
946368,D-263MG,nervous_system,glioma
906834,D-283MED,nervous_system,medulloblastoma
946369,D-336MG,nervous_system,glioma
946370,D-392MG,nervous_system,glioma
946372,D-423MG,nervous_system,glioma
946373,D-502MG,nervous_system,glioma
753549,D-542MG,nervous_system,glioma
946377,D-566MG,nervous_system,glioma
906832,DB,blood,B_cell_lymphoma
906835,DBTRG-05MG,nervous_system,glioma
906836,DEL,blood,lymphoid_neoplasm_other
906838,DG-75,blood,Burkitt_lymphoma
906841,DJM-1,skin,skin_other
906839,DK-MG,nervous_system,glioma
687983,DMS-114,lung,lung_small_cell_carcinoma
687984,DMS-153,lung,lung_small_cell_carcinoma
687985,DMS-273,lung,lung_small_cell_carcinoma
907295,DMS-53,lung,lung_small_cell_carcinoma
753551,DMS-79,lung,lung_small_cell_carcinoma
906842,DOHH-2,blood,B_cell_lymphoma
910936,DOK,aero_digestive_tract,head_and_neck
753552,DSH1,urogenital_system,Bladder
905935,DU-145,urogenital_system,prostate
906844,DU-4475,breast,breast
753553,DV-90,lung,lung_NSCLC_adenocarcinoma
906833,Daoy,nervous_system,medulloblastoma
906831,Daudi,blood,Burkitt_lymphoma
906837,Detroit562,aero_digestive_tract,head_and_neck
906843,DoTc2-4510,urogenital_system,cervix
906847,EB-3,blood,Burkitt_lymphoma
906846,EB2,blood,Burkitt_lymphoma
753555,EC-GI-10,aero_digestive_tract,oesophagus
906848,ECC10,digestive_system,stomach
906849,ECC12,digestive_system,stomach
906850,ECC4,digestive_system,digestive_system_other
924109,EFE-184,urogenital_system,endometrium
906851,EFM-19,breast,breast
911905,EFO-21,urogenital_system,ovary
906852,EFO-27,urogenital_system,ovary
906853,EGI-1,digestive_system,biliary_tract
906854,EHEB,blood,lymphoid_neoplasm_other
905970,EKVX,lung,lung_NSCLC_adenocarcinoma
906855,EM-2,blood,chronic_myeloid_leukaemia
753556,EPLC-272H,lung,lung_NSCLC_squamous_cell_carcinoma
949158,ES1,bone,ewings_sarcoma
684055,ES3,bone,ewings_sarcoma
949156,ES4,bone,ewings_sarcoma
684057,ES5,bone,ewings_sarcoma
949157,ES6,bone,ewings_sarcoma
684059,ES7,bone,ewings_sarcoma
949155,ES8,bone,ewings_sarcoma
907000,ESS-1,urogenital_system,endometrium
906861,ETK-1,digestive_system,biliary_tract
906862,EVSA-T,breast,breast
949163,EW-1,bone,ewings_sarcoma
684062,EW-11,bone,ewings_sarcoma
949162,EW-12,bone,ewings_sarcoma
949166,EW-13,bone,ewings_sarcoma
949165,EW-16,bone,ewings_sarcoma
949164,EW-18,bone,ewings_sarcoma
949167,EW-22,bone,ewings_sarcoma
949168,EW-24,bone,ewings_sarcoma
949161,EW-3,bone,ewings_sarcoma
949160,EW-7,bone,ewings_sarcoma
906856,EoL-1-cell,blood,haematopoietic_neoplasm_other
906863,FADU,aero_digestive_tract,head_and_neck
906864,FTC-133,thyroid,thyroid
906865,G-361,skin,melanoma
907299,G-401,kidney,kidney
907298,G-402,soft_tissue,soft_tissue_other
910932,GAK,skin,melanoma
906868,GAMG,nervous_system,glioma
687568,GB-1,nervous_system,glioma
906869,GCIY,digestive_system,stomach
906999,GCT,soft_tissue,soft_tissue_other
906870,GDM-1,blood,acute_myeloid_leukaemia
906871,GI-1,nervous_system,glioma
906872,GI-ME-N,nervous_system,neuroblastoma
906873,GMS-10,nervous_system,glioma
906875,GOTO,nervous_system,neuroblastoma
907291,GP5d,digestive_system,large_intestine
906877,GR-ST,blood,lymphoblastic_leukemia
907041,GT3TKB,digestive_system,stomach
907290,H-EMC-SS,bone,chondrosarcoma
907042,H4,nervous_system,glioma
907043,H9,blood,lymphoid_neoplasm_other
949153,HAL-01,blood,lymphoblastic_leukemia
907044,HC-1,blood,hairy_cell_leukaemia
749710,HCC1143,breast,breast
749711,HCC1187,breast,breast
749712,HCC1395,breast,breast
907045,HCC1419,breast,breast
907046,HCC1569,breast,breast
749713,HCC1599,breast,breast
907047,HCC1806,breast,breast
749714,HCC1937,breast,breast
749709,HCC1954,breast,breast
749715,HCC2157,breast,breast
749716,HCC2218,breast,breast
905971,HCC2998,digestive_system,large_intestine
749717,HCC38,breast,breast
907048,HCC70,breast,breast
753559,HCE-4,aero_digestive_tract,oesophagus
905936,HCT-116,digestive_system,large_intestine
905937,HCT-15,digestive_system,large_intestine
907050,HD-MY-Z,blood,Hodgkin_lymphoma
924110,HDLM-2,blood,Hodgkin_lymphoma
907051,HEC-1,urogenital_system,endometrium
907053,HEL,blood,acute_myeloid_leukaemia
907055,HGC-27,digestive_system,stomach
907056,HH,blood,T_cell_leukemia
905938,HL-60,blood,acute_myeloid_leukaemia
907057,HLE,digestive_system,liver
907058,HMV-II,skin,melanoma
907059,HN,aero_digestive_tract,head_and_neck
924111,HO-1-N-1,aero_digestive_tract,head_and_neck
905972,HOP-62,lung,lung_NSCLC_adenocarcinoma
905973,HOP-92,lung,lung_NSCLC_large_cell
907060,HOS,bone,osteosarcoma
724869,HPAF-II,pancreas,pancreas
753562,HSC-2,aero_digestive_tract,head_and_neck
907061,HSC-3,aero_digestive_tract,head_and_neck
907062,HSC-4,aero_digestive_tract,head_and_neck
907063,HT,blood,B_cell_lymphoma
907064,HT-1080,soft_tissue,fibrosarcoma
907065,HT-1197,urogenital_system,Bladder
907066,HT-1376,urogenital_system,Bladder
907067,HT-144,skin,melanoma
905939,HT-29,digestive_system,large_intestine
907068,HT-3,urogenital_system,cervix
907287,HT55,digestive_system,large_intestine
924151,HTC-C3,thyroid,thyroid
907073,HUTU-80,digestive_system,digestive_system_other
905957,Hs-578-T,breast,breast
907069,HuCCT1,digestive_system,biliary_tract
907071,HuH-7,digestive_system,liver
909977,HuO-3N1,bone,osteosarcoma
907072,HuO9,bone,osteosarcoma
907285,HuP-T3,pancreas,pancreas
907286,HuP-T4,pancreas,pancreas
910779,IA-LM,lung,lung_NSCLC_large_cell
907169,IGR-1,skin,melanoma
905968,IGROV-1,urogenital_system,ovary
753563,IM-9,blood,Myeloma
907170,IMR-5,nervous_system,neuroblastoma
907171,IPC-298,skin,melanoma
907172,IST-MEL1,skin,melanoma
907173,IST-MES1,lung,mesothelioma
753564,IST-SL1,lung,lung_small_cell_carcinoma
753565,IST-SL2,lung,lung_small_cell_carcinoma
907391,J-RT3-T3-5,blood,lymphoblastic_T_cell_leukaemia
753566,J82,urogenital_system,Bladder
907175,JAR,urogenital_system,urogenital_system_other
907176,JEG-3,urogenital_system,urogenital_system_other
907269,JVM-2,blood,lymphoid_neoplasm_other
907270,JVM-3,blood,lymphoid_neoplasm_other
907268,JiyoyeP-2003,blood,Burkitt_lymphoma
905940,K-562,blood,chronic_myeloid_leukaemia
907284,K052,blood,acute_myeloid_leukaemia
924238,K5,thyroid,thyroid
907271,KALS-1,nervous_system,glioma
907273,KARPAS-299,blood,anaplastic_large_cell_lymphoma
907274,KARPAS-422,blood,B_cell_lymphoma
907272,KARPAS-45,blood,lymphoblastic_leukemia
907275,KASUMI-1,blood,acute_myeloid_leukaemia
907277,KE-37,blood,lymphoblastic_leukemia
907278,KG-1,blood,acute_myeloid_leukaemia
924186,KGN,urogenital_system,ovary
907279,KINGS-1,nervous_system,glioma
924187,KLE,urogenital_system,endometrium
909976,KM-H2,blood,Hodgkin_lymphoma
905989,KM12,digestive_system,large_intestine
907280,KMOE-2,blood,acute_myeloid_leukaemia
907282,KNS-42,nervous_system,glioma
753569,KNS-62,lung,lung_NSCLC_squamous_cell_carcinoma
924188,KNS-81-FD,nervous_system,glioma
753570,KOSC-2,aero_digestive_tract,head_and_neck
753572,KP-4,pancreas,pancreas
924189,KP-N-RT-BM-1,nervous_system,neuroblastoma
907314,KP-N-YN,nervous_system,neuroblastoma
946363,KP-N-YS,nervous_system,neuroblastoma
907313,KS-1,nervous_system,glioma
907312,KU-19-19,urogenital_system,Bladder
907311,KU812,blood,chronic_myeloid_leukaemia
909975,KURAMOCHI,urogenital_system,ovary
907300,KY821,blood,leukemia
753573,KYSE-140,aero_digestive_tract,oesophagus
907317,KYSE-150,aero_digestive_tract,oesophagus
907318,KYSE-180,aero_digestive_tract,oesophagus
907319,KYSE-270,aero_digestive_tract,oesophagus
753574,KYSE-410,aero_digestive_tract,oesophagus
907320,KYSE-450,aero_digestive_tract,oesophagus
907321,KYSE-510,aero_digestive_tract,oesophagus
753575,KYSE-520,aero_digestive_tract,oesophagus
753576,KYSE-70,aero_digestive_tract,oesophagus
924239,L-363,blood,Myeloma
907322,L-428,blood,Hodgkin_lymphoma
907323,L-540,blood,Hodgkin_lymphoma
907783,LAMA-84,blood,chronic_myeloid_leukaemia
949170,LAN-6,nervous_system,neuroblastoma
753577,LB1047-RCC,kidney,kidney
753578,LB2241-RCC,kidney,kidney
753579,LB2518-MEL,skin,melanoma
753581,LB373-MEL-D,skin,melanoma
753582,LB647-SCLC,lung,lung_small_cell_carcinoma
753583,LB771-HNC,aero_digestive_tract,head_and_neck
753584,LB831-BLC,urogenital_system,Bladder
753585,LB996-RCC,kidney,kidney
907785,LC-1F,lung,lung_NSCLC_squamous_cell_carcinoma
907786,LC-2-ad,lung,lung_NSCLC_adenocarcinoma
907787,LC4-1,blood,lymphoblastic_leukemia
753586,LCLC-103H,lung,lung_NSCLC_large_cell
946361,LCLC-97TM1,lung,lung_NSCLC_large_cell
687787,LK-2,lung,lung_NSCLC_squamous_cell_carcinoma
910694,LN-405,nervous_system,glioma
907788,LNCaP-Clone-FGC,urogenital_system,prostate
907789,LOUCY,blood,lymphoblastic_T_cell_leukaemia
905974,LOXIMVI,skin,melanoma
907791,LP-1,blood,Myeloma
917486,LS-1034,digestive_system,large_intestine
907792,LS-123,digestive_system,large_intestine
907794,LS-411N,digestive_system,large_intestine
907795,LS-513,digestive_system,large_intestine
753588,LU-134-A,lung,lung_small_cell_carcinoma
713899,LU-135,lung,lung_small_cell_carcinoma
713878,LU-139,lung,lung_small_cell_carcinoma
753589,LU-165,lung,lung_small_cell_carcinoma
724863,LU-65,lung,lung_NSCLC_large_cell
907796,LU-99A,lung,lung_NSCLC_large_cell
753592,LXF-289,lung,lung_NSCLC_adenocarcinoma
907790,LoVo,digestive_system,large_intestine
949094,M059J,nervous_system,glioma
905975,M14,skin,melanoma
683665,MC-CAR,blood,haematopoietic_neoplasm_other
908118,MC-IXC,nervous_system,neuroblastoma
907799,MC116,blood,B_cell_lymphoma
905946,MCF7,breast,breast
908119,MDA-MB-134-VI,breast,breast
925338,MDA-MB-157,breast,breast
908120,MDA-MB-175-VII,breast,breast
905960,MDA-MB-231,breast,breast
908121,MDA-MB-361,breast,breast
924240,MDA-MB-415,breast,breast
908122,MDA-MB-453,breast,breast
908123,MDA-MB-468,breast,breast
687514,ME-180,urogenital_system,cervix
908126,MEG-01,blood,chronic_myeloid_leukaemia
908124,MEL-HO,skin,melanoma
908125,MEL-JUSO,skin,melanoma
908127,MES-SA,urogenital_system,uterus
908129,MFE-280,urogenital_system,endometrium
908130,MFE-296,urogenital_system,endometrium
925343,MFH-ino,soft_tissue,soft_tissue_other
910948,MFM-223,breast,breast
908131,MG-63,bone,osteosarcoma
908132,MHH-CALL-2,blood,B_cell_leukemia
908134,MHH-ES-1,bone,ewings_sarcoma
908135,MHH-NB-11,nervous_system,neuroblastoma
908136,MHH-PREB-1,blood,B_cell_leukemia
724870,MIA-PaCa-2,pancreas,pancreas
908138,MKN1,digestive_system,stomach
908139,MKN28,digestive_system,stomach
925340,MKN45,digestive_system,stomach
924250,MKN7,digestive_system,stomach
908141,ML-2,blood,acute_myeloid_leukaemia
908142,MLMA,blood,hairy_cell_leukaemia
925339,MMAC-SF,skin,melanoma
908143,MN-60,blood,B_cell_leukemia
908146,MOLT-13,blood,lymphoblastic_T_cell_leukaemia
908147,MOLT-16,blood,lymphoblastic_T_cell_leukaemia
905958,MOLT-4,blood,lymphoblastic_leukemia
908148,MONO-MAC-6,blood,acute_myeloid_leukaemia
908150,MPP-89,lung,mesothelioma
908151,MRK-nu-1,breast,breast
753594,MS-1,lung,lung_small_cell_carcinoma
908152,MSTO-211H,lung,mesothelioma
908156,MV-4-11,blood,leukemia
753595,MZ1-PC,pancreas,pancreas
971777,MZ2-MEL,skin,melanoma
753596,MZ7-mel,skin,melanoma
908128,Mewo,skin,melanoma
908149,Mo-T,blood,hairy_cell_leukaemia
908158,NALM-6,blood,B_cell_leukemia
949179,NB1,nervous_system,neuroblastoma
949171,NB10,nervous_system,neuroblastoma
949172,NB12,nervous_system,neuroblastoma
949177,NB13,nervous_system,neuroblastoma
949178,NB14,nervous_system,neuroblastoma
949175,NB17,nervous_system,neuroblastoma
949176,NB5,nervous_system,neuroblastoma
949173,NB6,nervous_system,neuroblastoma
908440,NB69,nervous_system,neuroblastoma
949174,NB7,nervous_system,neuroblastoma
925342,NBsusSR,nervous_system,neuroblastoma
687995,NCI-H1048,lung,lung_small_cell_carcinoma
687997,NCI-H1092,lung,lung_small_cell_carcinoma
908467,NCI-H1155,lung,lung_NSCLC_large_cell
753597,NCI-H128,lung,lung_small_cell_carcinoma
724831,NCI-H1299,lung,lung_NSCLC_large_cell
753599,NCI-H1304,lung,lung_small_cell_carcinoma
724866,NCI-H1355,lung,lung_NSCLC_adenocarcinoma
684681,NCI-H1395,lung,lung_NSCLC_adenocarcinoma
688001,NCI-H1417,lung,lung_small_cell_carcinoma
908469,NCI-H1436,lung,lung_small_cell_carcinoma
687794,NCI-H1437,lung,lung_NSCLC_adenocarcinoma
908464,NCI-H1522,lung,lung_small_cell_carcinoma
753600,NCI-H1563,lung,lung_NSCLC_adenocarcinoma
908472,NCI-H1573,lung,lung_NSCLC_adenocarcinoma
908471,NCI-H1581,lung,lung_NSCLC_large_cell
753601,NCI-H1618,lung,lung_small_cell_carcinoma
687798,NCI-H1623,lung,lung_NSCLC_adenocarcinoma
687799,NCI-H1648,lung,lung_NSCLC_adenocarcinoma
687800,NCI-H1650,lung,lung_NSCLC_adenocarcinoma
910900,NCI-H1651,lung,lung_NSCLC_adenocarcinoma
908473,NCI-H1666,lung,lung_NSCLC_adenocarcinoma
687802,NCI-H1693,lung,lung_NSCLC_adenocarcinoma
688006,NCI-H1694,lung,lung_small_cell_carcinoma
908474,NCI-H1703,lung,lung_NSCLC_adenocarcinoma
722058,NCI-H1734,lung,lung_NSCLC_adenocarcinoma
908475,NCI-H1755,lung,lung_NSCLC_adenocarcinoma
687804,NCI-H1770,lung,lung_NSCLC_not_specified
724868,NCI-H1792,lung,lung_NSCLC_adenocarcinoma
lung,NCI-H1793,lung_NSCLC_adenocarcinoma,
687807,NCI-H1838,lung,lung_NSCLC_adenocarcinoma
688007,NCI-H187,lung,lung_small_cell_carcinoma
688010,NCI-H1963,lung,lung_small_cell_carcinoma
924244,NCI-H1975,lung,lung_NSCLC_adenocarcinoma
908476,NCI-H1993,lung,lung_NSCLC_adenocarcinoma
724873,NCI-H2009,lung,lung_NSCLC_adenocarcinoma
688011,NCI-H2029,lung,lung_small_cell_carcinoma
722045,NCI-H2030,lung,lung_NSCLC_adenocarcinoma
688058,NCI-H2052,lung,mesothelioma
908480,NCI-H2081,lung,lung_small_cell_carcinoma
724834,NCI-H2087,lung,lung_NSCLC_adenocarcinoma
688013,NCI-H209,lung,lung_small_cell_carcinoma
924246,NCI-H2107,lung,lung_small_cell_carcinoma
722046,NCI-H2122,lung,lung_NSCLC_adenocarcinoma
687814,NCI-H2126,lung,lung_NSCLC_adenocarcinoma
688014,NCI-H2141,lung,lung_small_cell_carcinoma
687815,NCI-H2170,lung,lung_NSCLC_squamous_cell_carcinoma
688015,NCI-H2171,lung,lung_small_cell_carcinoma
908481,NCI-H2196,lung,lung_small_cell_carcinoma
688018,NCI-H2227,lung,lung_small_cell_carcinoma
687816,NCI-H2228,lung,lung_NSCLC_adenocarcinoma
905941,NCI-H226,lung,lung_NSCLC_squamous_cell_carcinoma
724874,NCI-H2291,lung,lung_NSCLC_adenocarcinoma
905942,NCI-H23,lung,lung_NSCLC_adenocarcinoma
687819,NCI-H2342,lung,lung_NSCLC_adenocarcinoma
687820,NCI-H2347,lung,lung_NSCLC_adenocarcinoma
687821,NCI-H2405,lung,lung_NSCLC_adenocarcinoma
908462,NCI-H2452,lung,mesothelioma
924241,NCI-H250,lung,lung_small_cell_carcinoma
908470,NCI-H28,lung,mesothelioma
753604,NCI-H292,lung,lung_NSCLC_adenocarcinoma
905967,NCI-H322M,lung,lung_NSCLC_adenocarcinoma
688021,NCI-H345,lung,lung_small_cell_carcinoma
908465,NCI-H358,lung,lung_NSCLC_adenocarcinoma
688022,NCI-H378,lung,lung_small_cell_carcinoma
908460,NCI-H441,lung,lung_NSCLC_adenocarcinoma
688023,NCI-H446,lung,lung_small_cell_carcinoma
905943,NCI-H460,lung,lung_NSCLC_large_cell
753605,NCI-H510A,lung,lung_small_cell_carcinoma
908443,NCI-H520,lung,lung_NSCLC_squamous_cell_carcinoma
905944,NCI-H522,lung,lung_NSCLC_adenocarcinoma
908483,NCI-H524,lung,lung_small_cell_carcinoma
688025,NCI-H526,lung,lung_small_cell_carcinoma
908459,NCI-H596,lung,lung_NSCLC_adenocarcinoma
908482,NCI-H630,digestive_system,large_intestine
688026,NCI-H64,lung,lung_small_cell_carcinoma
722066,NCI-H650,lung,lung_NSCLC_adenocarcinoma
687829,NCI-H661,lung,lung_NSCLC_large_cell
688027,NCI-H69,lung,lung_small_cell_carcinoma
908458,NCI-H716,digestive_system,large_intestine
924242,NCI-H719,lung,lung_small_cell_carcinoma
687600,NCI-H720,lung,lung_NSCLC_carcinoid
724855,NCI-H727,lung,lung_NSCLC_carcinoid
908457,NCI-H747,digestive_system,large_intestine
909194,NCI-H748,lung,lung_small_cell_carcinoma
925341,NCI-H810,lung,lung_NSCLC_large_cell
688031,NCI-H82,lung,lung_small_cell_carcinoma
910399,NCI-H838,lung,lung_NSCLC_adenocarcinoma
908461,NCI-N87,digestive_system,stomach
908444,NCI-SNU-1,digestive_system,stomach
908446,NCI-SNU-16,digestive_system,stomach
908445,NCI-SNU-5,digestive_system,stomach
910942,NEC8,urogenital_system,testis
908447,NH-12,nervous_system,neuroblastoma
908448,NKM-1,blood,acute_myeloid_leukaemia
908449,NMC-G1,nervous_system,glioma
908451,NOMO-1,blood,acute_myeloid_leukaemia
925345,NOS-1,bone,osteosarcoma
908454,NTERA-S-cl-D1,urogenital_system,testis
908455,NUGC-3,digestive_system,stomach
910849,NY,bone,osteosarcoma
946360,OAW-28,urogenital_system,ovary
910548,OAW-42,urogenital_system,ovary
909257,OC-314,urogenital_system,ovary
910947,OCI-AML2,blood,acute_myeloid_leukaemia
909256,OCUB-M,breast,breast
910079,OE19,aero_digestive_tract,oesophagus
910549,OE33,aero_digestive_tract,oesophagus
949154,OMC-1,urogenital_system,cervix
909248,ONS-76,nervous_system,medulloblastoma
909249,OPM-2,blood,Myeloma
909250,OS-RC-2,kidney,kidney
905933,OVCAR-3,urogenital_system,ovary
905990,OVCAR-4,urogenital_system,ovary
905969,OVCAR-5,urogenital_system,ovary
905991,OVCAR-8,urogenital_system,ovary
909251,P12-ICHIKAWA,blood,lymphoblastic_T_cell_leukaemia
909252,P30-OHK,blood,lymphoblastic_leukemia
909253,P31-FUJ,blood,acute_myeloid_leukaemia
909255,PA-1,urogenital_system,ovary
925346,PANC-03-27,pancreas,pancreas
925347,PANC-08-13,pancreas,pancreas
925348,PANC-10-05,pancreas,pancreas
753608,PC-14,lung,lung_NSCLC_adenocarcinoma
905934,PC-3,urogenital_system,prostate
909260,PF-382,blood,lymphoblastic_T_cell_leukaemia
683667,PFSK-1,nervous_system,medulloblastoma
925349,PLC-PRF-5,digestive_system,liver
910546,PSN1,pancreas,pancreas
910545,QIMR-WIL,blood,acute_myeloid_leukaemia
909974,RCC10RGB,kidney,kidney
909263,RCM-1,digestive_system,large_intestine
909264,RD,soft_tissue,rhabdomyosarcoma
909696,REH,blood,B_cell_leukemia
910931,RERF-LC-MS,lung,lung_NSCLC_adenocarcinoma
971773,RH-1,soft_tissue,rhabdomyosarcoma
971774,RH-18,soft_tissue,rhabdomyosarcoma
909698,RKO,digestive_system,large_intestine
910861,RL,blood,B_cell_lymphoma
930082,RL95-2,urogenital_system,endometrium
909699,RMG-I,urogenital_system,ovary
930083,RO82-W-1,thyroid,thyroid
909700,RPMI-2650,aero_digestive_tract,head_and_neck
909701,RPMI-6666,blood,Hodgkin_lymphoma
910903,RPMI-7951,skin,melanoma
905964,RPMI-8226,blood,Myeloma
909702,RPMI-8402,blood,lymphoblastic_T_cell_leukaemia
910544,RPMI-8866,blood,chronic_myeloid_leukaemia
909703,RS4-11,blood,leukemia
909704,RT-112,urogenital_system,Bladder
687455,RT4,urogenital_system,Bladder
909706,RVH-421,skin,melanoma
905978,RXF393,kidney,kidney
909262,Raji,blood,Burkitt_lymphoma
910401,Ramos-2G6-4C10,blood,Burkitt_lymphoma
910946,S-117,thyroid,thyroid
909708,SAS,aero_digestive_tract,head_and_neck
713885,SBC-1,lung,lung_small_cell_carcinoma
713880,SBC-5,lung,lung_small_cell_carcinoma
910911,SCC-15,aero_digestive_tract,head_and_neck
910701,SCC-25,aero_digestive_tract,head_and_neck
910930,SCC-3,blood,B_cell_lymphoma
910904,SCC-4,aero_digestive_tract,head_and_neck
909709,SCC-9,aero_digestive_tract,head_and_neck
909711,SCH,digestive_system,stomach
753611,SCLC-21H,lung,lung_small_cell_carcinoma
909712,SF126,nervous_system,glioma
905986,SF268,nervous_system,glioma
905985,SF295,nervous_system,glioma
905984,SF539,nervous_system,glioma
909713,SH-4,skin,melanoma
724872,SHP-77,lung,lung_small_cell_carcinoma
909715,SIG-M5,blood,acute_myeloid_leukaemia
753620,SIMA,nervous_system,neuroblastoma
909716,SJRH30,soft_tissue,rhabdomyosarcoma
909717,SJSA-1,bone,bone_other
909718,SK-CO-1,digestive_system,large_intestine
909719,SK-HEP-1,digestive_system,liver
909720,SK-LMS-1,soft_tissue,soft_tissue_other
909721,SK-LU-1,lung,lung_NSCLC_adenocarcinoma
909723,SK-MEL-1,skin,melanoma
905955,SK-MEL-2,skin,melanoma
909725,SK-MEL-24,skin,melanoma
905954,SK-MEL-28,skin,melanoma
909724,SK-MEL-3,skin,melanoma
909726,SK-MEL-30,skin,melanoma
905956,SK-MEL-5,skin,melanoma
909728,SK-MES-1,lung,lung_NSCLC_squamous_cell_carcinoma
909729,SK-MG-1,nervous_system,glioma
753612,SK-MM-2,blood,Myeloma
724828,SK-N-AS,nervous_system,neuroblastoma
688086,SK-N-DZ,nervous_system,neuroblastoma
688087,SK-N-FI,nervous_system,neuroblastoma
909730,SK-NEP-1,kidney,kidney
905959,SK-OV-3,urogenital_system,ovary
909731,SK-PN-DW,bone,ewings_sarcoma
909732,SK-UT-1,soft_tissue,soft_tissue_other
930298,SKG-IIIa,urogenital_system,cervix
909722,SKM-1,blood,haematopoietic_neoplasm_other
905979,SN12C,kidney,kidney
905982,SNB75,nervous_system,glioma
909735,SNG-M,urogenital_system,endometrium
909736,SNU-387,digestive_system,liver
909737,SNU-423,digestive_system,liver
909738,SNU-449,digestive_system,liver
909739,SNU-475,digestive_system,liver
910905,SNU-C1,digestive_system,large_intestine
909740,SNU-C2B,digestive_system,large_intestine
905965,SR,blood,lymphoid_neoplasm_other
910906,ST486,blood,Burkitt_lymphoma
909742,SU-DHL-1,blood,anaplastic_large_cell_lymphoma
909743,SUP-T1,blood,lymphoblastic_T_cell_leukaemia
909745,SW1088,nervous_system,glioma
909746,SW1116,digestive_system,large_intestine
909744,SW13,kidney,adrenal_gland
909747,SW1417,digestive_system,large_intestine
909748,SW1463,digestive_system,large_intestine
724878,SW1573,lung,lung_NSCLC_adenocarcinoma
909749,SW1710,urogenital_system,Bladder
909750,SW1783,nervous_system,glioma
910907,SW1990,pancreas,pancreas
909751,SW48,digestive_system,large_intestine
905962,SW620,digestive_system,large_intestine
909753,SW626,urogenital_system,ovary
909754,SW684,soft_tissue,fibrosarcoma
724839,SW756,urogenital_system,cervix
687457,SW780,urogenital_system,Bladder
909755,SW837,digestive_system,large_intestine
909756,SW872,soft_tissue,soft_tissue_other
724879,SW900,lung,lung_NSCLC_squamous_cell_carcinoma
909757,SW948,digestive_system,large_intestine
924247,SW954,urogenital_system,urogenital_system_other
909758,SW962,urogenital_system,urogenital_system_other
909759,SW982,soft_tissue,soft_tissue_other
909707,Saos-2,bone,osteosarcoma
930297,SiHa,urogenital_system,cervix
724812,T-24,urogenital_system,Bladder
905945,T47D,breast,breast
909761,T84,digestive_system,large_intestine
687586,T98G,nervous_system,glioma
909762,TALL-1,blood,lymphoblastic_T_cell_leukaemia
946357,TC-YIK,urogenital_system,cervix
687459,TCCSUP,urogenital_system,Bladder
753621,TE-1,aero_digestive_tract,oesophagus
753622,TE-10,aero_digestive_tract,oesophagus
946354,TE-11,aero_digestive_tract,oesophagus
946356,TE-12,aero_digestive_tract,oesophagus
753614,TE-15,aero_digestive_tract,oesophagus
924248,TE-441-T,soft_tissue,rhabdomyosarcoma
735784,TE-5,aero_digestive_tract,oesophagus
946355,TE-6,aero_digestive_tract,oesophagus
753623,TE-8,aero_digestive_tract,oesophagus
946353,TE-9,aero_digestive_tract,oesophagus
909770,TGBC11TKB,digestive_system,stomach
909769,TGBC1TKB,digestive_system,biliary_tract
910695,TGBC24TKB,digestive_system,biliary_tract
910780,TGW,nervous_system,neuroblastoma
909771,THP-1,blood,acute_myeloid_leukaemia
910696,TI-73,bone,osteosarcoma
905980,TK10,kidney,kidney
930299,TT,thyroid,thyroid
909773,TUR,blood,B_cell_lymphoma
909774,TYK-nu,urogenital_system,ovary
687588,U-118-MG,nervous_system,glioma
909776,U-2-OS,bone,osteosarcoma
753615,U-266,blood,Myeloma
909777,U-698-M,blood,B_cell_leukemia
687590,U-87-MG,nervous_system,glioma
905981,U031,kidney,kidney
905983,U251,nervous_system,glioma
905977,UACC-257,skin,melanoma
905976,UACC-62,skin,melanoma
910910,UACC-812,breast,breast
909778,UACC-893,breast,breast
724838,UM-UC-3,urogenital_system,Bladder
909779,UMC-11,lung,lung_NSCLC_carcinoid
688121,VA-ES-BJ,soft_tissue,soft_tissue_other
909780,VM-CUB-1,urogenital_system,Bladder
909781,VMRC-RCZ,kidney,kidney
909784,WM-115,skin,melanoma
909785,WSU-NHL,blood,lymphoid_neoplasm_other
909904,YAPC,pancreas,pancreas
909905,YH-13,nervous_system,glioma
687592,YKG-1,nervous_system,glioma
946358,YT,blood,lymphoid_neoplasm_other
909907,ZR-75-30,breast,breast
908452,no-10,nervous_system,glioma
908450,no-11,nervous_system,glioma